Epoch,Train_CQ,Valid_CQ
1,47.517757415771484,47.55088424682617
2,47.66657257080078,47.601951599121094
1,47.92966079711914,48.353370666503906
2,50.36145782470703,50.92224884033203
