Epoch,Train_CQ,Valid_CQ
1,47.92966079711914,48.353370666503906
2,50.36145782470703,50.92224884033203
